run,metric,point,ci_low,ci_high
kaggle_iid,accuracy,0.9286,0.9235,0.9343
kaggle_iid,macro_f1,0.85,0.8392,0.8615
kaggle_iid,roc_auc,0.9605,0.956,0.9649
kaggle_iid,auprc,0.9928,0.9917,0.9938
kaggle_iid,TMR,0.0362,0.0318,0.0405
kaggle_iid,FAR,0.2825,0.2573,0.3075
kaggle_noniid,accuracy,0.9245,0.9192,0.9302
kaggle_noniid,macro_f1,0.8233,0.8107,0.8358
kaggle_noniid,roc_auc,0.9592,0.9544,0.9634
kaggle_noniid,auprc,0.9925,0.9914,0.9936
kaggle_noniid,TMR,0.0194,0.0163,0.0225
kaggle_noniid,FAR,0.4126,0.386,0.439
jigsaw_iid,accuracy,0.9625,0.9604,0.9645
jigsaw_iid,macro_f1,0.901,0.8956,0.9063
jigsaw_iid,roc_auc,0.9799,0.9774,0.9821
jigsaw_iid,auprc,0.9107,0.9033,0.9182
jigsaw_iid,TMR,0.1425,0.1309,0.1549
jigsaw_iid,FAR,0.0256,0.0239,0.0276
jigsaw_noniid,accuracy,0.9606,0.9584,0.9627
jigsaw_noniid,macro_f1,0.8732,0.8666,0.88
jigsaw_noniid,roc_auc,0.9706,0.9672,0.9736
jigsaw_noniid,auprc,0.8925,0.8842,0.9007
jigsaw_noniid,TMR,0.3587,0.3418,0.375
jigsaw_noniid,FAR,0.0033,0.0026,0.004
hatexplain,accuracy,0.7607,0.7476,0.7744
hatexplain,macro_f1,0.7497,0.7355,0.7638
hatexplain,roc_auc,0.8283,0.8155,0.8417
hatexplain,auprc,0.8583,0.8424,0.8739
hatexplain,TMR,0.1847,0.1685,0.2002
hatexplain,FAR,0.3196,0.2968,0.3422
