f1,precision,recall
0.16666666666666666,0.16666666666666666,0.16666666666666666
0.5,0.5,0.5
0.5,0.5,0.5
0.0,0.0,0.0
0.6666666666666666,0.6666666666666666,0.6666666666666666
1.0,1.0,1.0
1.0,1.0,1.0
0.7777777777777778,0.7777777777777778,0.7777777777777778
0.16666666666666666,0.16666666666666666,0.16666666666666666
0.0,0.0,0.0
0.9,0.9,0.9
0.5,0.5,0.5
0.20000000000000004,0.2,0.2
0.0,0.0,0.0
1.0,1.0,1.0
0.6666666666666666,0.6666666666666666,0.6666666666666666
0.6666666666666666,0.6666666666666666,0.6666666666666666
0.42857142857142855,0.42857142857142855,0.42857142857142855
1.0,1.0,1.0
1.0,1.0,1.0
0.4000000000000001,0.4,0.4
0.20000000000000004,0.2,0.2
0.5555555555555556,0.5555555555555556,0.5555555555555556
0.0,0.0,0.0
0.3076923076923077,0.3076923076923077,0.3076923076923077
0.6153846153846154,0.6153846153846154,0.6153846153846154
0.5,0.5,0.5
0.5,0.5,0.5
0.4000000000000001,0.4,0.4
0.5,0.5,0.5
1.0,1.0,1.0
1.0,1.0,1.0
1.0,1.0,1.0
0.8148148148148148,0.8148148148148148,0.8148148148148148
0.98,0.98,0.98
0.30769230769230765,0.2857142857142857,0.3333333333333333
0.0,0.0,0.0
0.09090909090909091,0.09090909090909091,0.09090909090909091
0.6363636363636364,0.6363636363636364,0.6363636363636364
1.0,1.0,1.0
0.9500000000000001,0.95,0.95
1.0,1.0,1.0
0.5,0.5,0.5
0.967741935483871,0.967741935483871,0.967741935483871
0.6,0.6,0.6
0.6190476190476191,0.6190476190476191,0.6190476190476191
0.8421052631578947,0.8421052631578947,0.8421052631578947
0.3333333333333333,0.3333333333333333,0.3333333333333333
1.0,1.0,1.0
0.0,0.0,0.0
0.2857142857142857,0.2857142857142857,0.2857142857142857
0.45454545454545453,0.45454545454545453,0.45454545454545453
1.0,1.0,1.0
0.0,0.0,0.0
1.0,1.0,1.0
1.0,1.0,1.0
1.0,1.0,1.0
1.0,1.0,1.0
0.5,0.5,0.5
0.5,0.5,0.5
0.0,0.0,0.0
0.6666666666666666,0.6666666666666666,0.6666666666666666
0.3333333333333333,0.3333333333333333,0.3333333333333333
0.6666666666666666,0.6666666666666666,0.6666666666666666
0.5555555555555556,0.5555555555555556,0.5555555555555556
0.20000000000000004,0.2,0.2
0.42857142857142855,0.42857142857142855,0.42857142857142855
0.5,0.5,0.5
0.75,0.75,0.75
0.75,0.75,0.75
0.6923076923076923,0.6923076923076923,0.6923076923076923
0.5882352941176471,0.5882352941176471,0.5882352941176471
1.0,1.0,1.0
0.5,0.5,0.5
0.9500000000000001,0.95,0.95
0.5,0.5,0.5
0.75,0.75,0.75
1.0,1.0,1.0
0.25,0.25,0.25
0.7142857142857143,0.7142857142857143,0.7142857142857143
0.5,0.5,0.5
0.5,0.5,0.5
0.375,0.375,0.375
0.625,0.625,0.625
0.0,0.0,0.0
0.0,0.0,0.0
0.0,0.0,0.0
0.5,0.5,0.5
0.3333333333333333,0.3333333333333333,0.3333333333333333
0.88,0.88,0.88
0.47058823529411764,0.47058823529411764,0.47058823529411764
0.20000000000000004,0.2,0.2
1.0,1.0,1.0
0.0,0.0,0.0
0.6,0.6,0.6
0.75,0.75,0.75
0.8000000000000002,0.8,0.8
0.3333333333333333,0.3333333333333333,0.3333333333333333
0.6666666666666666,0.6666666666666666,0.6666666666666666
1.0,1.0,1.0
