community,n,macro_f1,miss_rate,false_alarm,TN,FP,FN,TP
African,917,0.6625,11.02,57.32,70,94,83,670
Women,801,0.7045,18.61,38.57,129,81,110,481
unspecified,766,0.5485,41.67,19.18,590,140,15,21
Other,737,0.6978,22.59,35.62,141,78,117,401
Islam,633,0.6778,16.4,45.86,72,61,82,418
Homosexual,525,0.6977,18.23,41.13,83,58,70,314
Jewish,516,0.6634,8.24,59.7,27,40,37,412
Arab,378,0.6427,10.27,59.57,19,28,34,297
Caucasian,365,0.6921,23.05,37.7,76,46,56,187
Refugee,346,0.6354,30.7,40.68,70,48,70,158
Men,341,0.7316,17.73,36.36,77,44,39,181
Hispanic,157,0.6689,11.68,50.0,10,10,16,121
